{
  "name": "WAT-2025 Python Django Environment",
  "image": "mcr.microsoft.com/devcontainers/python:3.12",
  "features": {
    "ghcr.io/devcontainers/features/python:1": {
      "version": "3.12"
    }
  },
  "customizations": {
    "vscode": {
      "extensions": [
        "ms-python.python",
        "ms-python.vscode-pylance",
        "batisteo.vscode-django",
        "ms-python.debugpy"
      ],
      "settings": {
        "python.defaultInterpreterPath": "/usr/local/bin/python",
        "python.linting.enabled": true,
        "python.linting.pylintEnabled": true
      }
    }
  },
  "postCreateCommand": "pip install -r requirements.txt",
  "forwardPorts": [8000],
  "portsAttributes": {
    "8000": {
      "label": "Django Development Server",
      "onAutoForward": "notify"
    }
  },
   //dynamic naming based on folder name
  "workspaceFolder": "/workspaces/${localWorkspaceFolderBasename}",
  "remoteUser": "vscode"
}
